<?xml version="1.0" encoding="utf-8" standalone="yes"?>
<?xml-stylesheet href="./_c74_ref.xsl" type="text/xsl"?>

<c74object name="deinterleave" module="CNMAT-Externals">

    <digest>
	"De-interleave" (aka delace) elements in one list into some number of smaller lists.	
    </digest>

    <description>
	Separate a single list into N component lists, out N outlets.  The number of outlets is specified by an argument during instantiation, but at this time should be a number between 2 and 4.  The lists are selected in sequence based on N lists defined.      
    </description>

    <!--METADATA-->
    <metadatalist>
	<metadata name="author">CNMAT</metadata>
	<metadata name="tag">CNMAT-Externals</metadata>
	<metadata name="tag">CNMAT</metadata>
    </metadatalist>

    <!--DISCUSSION-->
    <discussion>
    </discussion>

    <!--INLETS-->
    <!--do not use-->
    <inletlist>
    </inletlist>

    <!--OUTLETS-->
    <!--do not use-->
    <outletlist>
    </outletlist>

    <!--ARGUMENTS-->
    <objarglist>
	<objarg name="index multiple" optional="0" type="int">
	    <description>
		Specify the index point at which the interleaving will occur.<br/><br/>
		Example with the list "[0 1 2 a b c y s g 8 8 8 _ _ _ ^ * $ ( # # . . . + = - \ \ \ R F G]" and an argument of 3:<br/><br/>
		<ul>
		    <li>outlet 1: [0 a y 8 _ ^ ( . + \ R]</li>
		    <li>outlet 2: [1 b s 8 _ * # . = \ F]</li>
		    <li>outlet 3: [2 c g 8 _ $ # . - \ G]</li>
		</ul>
		The number of outlets is specified by an argument during instantiation, but at this time should be a number between 2 and 4. 
	    </description>
	</objarg>
    </objarglist>

    <!--MESSAGES-->
    <methodlist>
	<method name="bang">
	    <description>
		A bang will output the last stored list in sequence, out the current N outlets.  The de-interleaving is done based on the 1st argument to the object.
	    </description>
	</method>
	<method name="list">
	    <description>
		Input a list to be de-interleaved.<br/><br/>
		This will cause output out the outlets if the list is long enough to be de-interleaved based on the object's argument.<br/><br/>
		A list [0 1 2 a b c] with an N argument of 2 will produce:
		<ul>
		    <li>out outlet 1: [0 2 b]</li>
		    <li>out outlet 2: [1 a c]</li>
		</ul>
		...This occurs in sequence out the outlets, from right to left - [1 a c] will be output first.
	    </description>
	</method>
	<method name="version">
	    <description>
		Print version information to the Max window.
	    </description>
	</method>
    </methodlist>

    <!--ATTRIBUTES-->
    <attributelist>
    </attributelist>

    <!--SEEALSO-->
    <seealsolist>
	<seealso name="interleave" />
	<seealso name="zl" />
	<seealso name="mxj" />
    </seealsolist>

    <misc name = "Input">
	<entry name ="Inlet 1 [anything]">
	    <description>
		Send a message to the deinterleave object.
	    </description>
	</entry>
    </misc>

    <misc name = "Output">
	<entry name ="Outlet 1 [anything]">
	    <description>
		Outputs a portion of the list when [deinterleave] receives a bang or valid list.  Both the size of the lists and the number of outlets are based on the object's argument.
	    </description>
	</entry>
	<entry name ="Outlet 1+N [anything]">
	    <description>
		Outputs a portion of the list when [deinterleave] receives a bang or valid list.  1+N specifies that the object will have a variable number of outlets.  Both the size of the lists and the number of outlets are based on the object's argument.
	    </description>
	</entry>
    </misc>

    <misc name = "Discussion">
	<entry name ="More details">
	    <description>
		This object was scheduled for deprecation in 2018 but remained in the release for the time being due to issues with Java on OSX.
	    </description>
	</entry>
	<entry name ="Keywords">
	    <description>
		list, interleave, deinterleave, lace, delace
	    </description>
	</entry>
    </misc>

</c74object>
