<?xml version="1.0" encoding="utf-8" standalone="yes"?>
<?xml-stylesheet href="./_c74_ref.xsl" type="text/xsl"?>

<c74object name="interleave" module="CNMAT-Externals">

    <digest>
	Interleave (lace) separate list elements into a single list
    </digest>

    <description>
	When a list is sent to the leftmost (hot) inlet, the list is interleaved with any other lists present in the object's other (cold) inlets.  For this reason, it is expected that there will be at least two inlets designated via the argument, and that they will contain data.  The number of outlets is specified by an argument during instantiation, but at this time should be a number between 2 and 4.
    </description>

    <!--METADATA-->
    <metadatalist>
	<metadata name="author">CNMAT</metadata>
	<metadata name="tag">CNMAT-Externals</metadata>
	<metadata name="tag">CNMAT</metadata>
    </metadatalist>

    <!--DISCUSSION-->
    <discussion>
    </discussion>

    <!--INLETS-->
    <!--do not use-->
    <inletlist>
    </inletlist>

    <!--OUTLETS-->
    <!--do not use-->
    <outletlist>
    </outletlist>

    <!--ARGUMENTS-->
    <objarglist>
	<objarg name="number of inlets" optional="0" type="int">
	    <description>
		Specify the number number of elements to interleave.<br/><br/>
		Example:<br/><br/>
		<ol>
		    <li>[0 a y 8 _ ^ ( . + \ R]</li>
		    <li>[1 b s 8 _ * # . = \ F]</li>
		    <li>[2 c g 8 _ $ # . - \ G]</li>
		</ol>
		
		With an argument of 3, the lists above are interleaved into:<br/><br/>
		[0 1 2 a b c y s g 8 8 8 _ _ _ ^ * $ ( # # . . . + = - \ \ \ R F G]<br/><br/>
		The number of inlets created for list elements is specified by an argument during instantiation, but at this time should be a number between 2 and 4. 
	    </description>
	</objarg>
    </objarglist>

    <!--MESSAGES-->
    <methodlist>
	<method name="bang">
	    <description>
		A bang will output the last interleaved list.
	    </description>
	</method>
	<method name="list">
	    <description>
		Input a list to be interleaved.<br/><br/>
		A list will cause output if the last list sent is sent into the leftmost inlet.<br/>
		A list will <em>not</em> cause output if the last list sent was any other inlet.<br/><br/>
		<ul>
		    <li>into inlet 1: [0 2 b]</li>
		    <li>into inlet 2: [1 a c]</li>
		</ul>
		...results in the following output list: [0 1 2 a b c]
	    </description>
	</method>
	<method name="version">
	    <description>
		Print version information to the Max window.
	    </description>
	</method>
    </methodlist>

    <!--ATTRIBUTES-->
    <attributelist>
    </attributelist>

    <!--SEEALSO-->
    <seealsolist>
	<seealso name="deinterleave" />
	<seealso name="zl" />
	<seealso name="mxj" />
    </seealsolist>

    <misc name = "Input">
	<entry name ="Inlet 1 [anything]">
	    <description>
		Send a message to the interleave object.
	    </description>
	</entry>
	<entry name ="Inlet 1+N [list]">
	    <description>
		Stores a portion of the interleaved list.  1+N designates that the object will have a variable number of inlets.  The number of outlets is based on the object's argument.
	    </description>
	</entry>
    </misc>

    <misc name = "Output">
	<entry name ="Outlet 1 [anything]">
	    <description>
		Output the interleaved list.  Only the leftmost inlet will cause output.
	    </description>
	</entry>
    </misc>

    <misc name = "Discussion">
	<entry name ="More details">
	    <description>
		This object was scheduled for deprecation in 2018 but remained in the release for the time being due to issues with Java on OSX.
	    </description>
	</entry>
	<entry name ="Keywords">
	    <description>
		list, interleave, deinterleave, lace, delace
	    </description>
	</entry>
    </misc>

</c74object>
