<?xml version="1.0" encoding="utf-8" standalone="yes"?>
<?xml-stylesheet href="./_c74_ref.xsl" type="text/xsl"?>

<c74object name="SDIF-info" module="CNMAT-Externals">

    <digest>
	Get information about an SDIF-buffer
    </digest>

    <description>
	Output statistical information about the contents of an SDIF-buffer in memory.
    </description>

    <!--METADATA-->
    <metadatalist>
	<metadata name="author">CNMAT</metadata>
	<metadata name="tag">CNMAT-Externals</metadata>
	<metadata name="tag">CNMAT</metadata>
    </metadatalist>

    <!--INLETS-->
    <inletlist>
    </inletlist>

    <!--OUTLETS-->
    <outletlist>
    </outletlist>

    <!--ARGUMENTS-->
    <objarglist>
	<objarg name="buffer name" optional="0" type="float">
	    <description>
		The name of the SDIF-buffer.  Required because it has to be referenced by other objects in the SDIF suite.  The name of an SDIF-buffer is like the name of an MSP buffer~: it's a symbol that you assign as an argument to the SDIF-buffer object, and then other objects refer to the SDIF-buffer by its name.
	    </description>
	</objarg>
    </objarglist>

    <!--MESSAGES-->
    <methodlist>
	<method name="bang">
	    <description>
		Tells the object to output the following information in iterated, osc-style messages:
		<ul>
		    <li>/name: Name of the associated SDIF buffer</li>
		    <li>/filename: Name of most recently loaded file</li>
		    <li>/streamID: the current stream ID</li>
		    <li>/frameType: the current frame type</li>
		    <li>/minTime: the minimum frame time in seconds</li>
		    <li>/maxTime: the maximum frame time in seconds</li>
		    <li>/numFrames: the total number of frames</li>
		</ul>
	    </description>
	</method>
	<method name="set">
	    <arglist>
		<arg name="buffername" type="symbol" optional="0" id="0"/>
	    </arglist>
	    <description>
		Change SDIF-buffer reference.  This symbol must refer to a valid SDIF-buffer in Max's memory.
	    </description>
	</method>
	<method name="tellmeeverything">
	    <description>
		Output all information about the object's state to the Max window.
	    </description>
	</method>
	<method name="version">
	    <description>
		Print version information to the Max window.
	    </description>
	</method>
    </methodlist>

    <!--DISCUSSION-->
    <discussion>
    </discussion>

    <!--SEEALSO-->
    <seealsolist>
	<seealso name="SDIF-buffer" />
	<seealso name="SDIF-fileinfo" />
	<seealso name="SDIF-listpoke" />
	<seealso name="SDIF-ranges" />
	<seealso name="SDIF-tuples" />
    </seealsolist>

    <misc name = "Input">
	<entry name ="Inlet 1 [anything]">
	    <description>
		Send a message to the sdif-info object.
	    </description>
	</entry>
    </misc>

    <misc name = "Output">
	<entry name ="Outlet 1 [list]">
	    <description>
		sdif-info outputs osc-style messages if a valid buffer exists in Max's memory.
	    </description>
	</entry>
    </misc>

    <misc name = "Discussion">
	<entry name ="More details">
	    <description>
		An SDIF stream is a matrix of data that can be queried, manipulated, and written.  The Sound Description Interchange Format (“SDIF”) offers a framework for representing high-level sound descriptions such as sum-of-sinusoids, noise bands, time-domain samples, and formants.  Many of these sound descriptions are mutable models, affording operations such as filtering, morphing, pitch shifting, and time stretching.  SDIF data consists of time-tagged frames, each containing one or more two-dimensional matrices of data such as floating-point numbers and a frame type ID indicating what kind of sound description the frame represents. For example, an SDIF frame representing additive synthesis data has a single matrix where rows represent individual sinusoids and columns represent parameters such as frequency, amplitude, and phase. A stream is a sequence of frames of the same frame type that represents a single “sonic object” evolving through time. An SDIF file may contain one stream, or multiple streams with interleaved frames. Each frame has a Stream ID, a meaningless 32-bit number that uniquely identifies the stream to which it belongs.
	    </description>
	</entry>
	<entry name ="Keywords">
	    <description>
		SDIF, CNMAT, statistics, query
	    </description>
	</entry>
    </misc>

</c74object>
