<?xml version="1.0" encoding="utf-8" standalone="yes"?>
<?xml-stylesheet href="./_c74_ref.xsl" type="text/xsl"?>

<c74object name="thread.which" module="CNMAT-Externals">

    <digest>
	Report information about which thread a given message lives in, and forward it.
    </digest>

    <description>
    </description>

    <!--METADATA-->
    <metadatalist>
	<metadata name="author">CNMAT</metadata>
	<metadata name="tag">CNMAT-Externals</metadata>
	<metadata name="tag">CNMAT</metadata>
    </metadatalist>

    <!--DISCUSSION-->
    <discussion>
	The thread.which object allows the user to send data into its inlet, and outputs information about which thread the data lives in.  It then immediately sends these data out its outlet.  Note:  this object does not forward [bang] messages.
    </discussion>

    <!--INLETS-->
    <!--do not use-->
    <inletlist>
    </inletlist>

    <!--OUTLETS-->
    <!--do not use-->
    <outletlist>
    </outletlist>

    <!--ARGUMENTS-->
    <objarglist>
    </objarglist>

    <!--MESSAGES-->
    <methodlist>
	<method name="anything">
	    <description>
		Report which thread any symbol lives in out the right outlet, and forward it out the left outlet.
	    </description>
	</method>
	<method name="bang">
	    <description>
		Report which thread a bang lives in out the right outlet, without forwarding it.
	    </description>
	</method>
	<method name="float">
	    <description>
		Report which thread a float lives in out the right outlet, and forward it out the left outlet.
	    </description>
	</method>
	<method name="int">
	    <description>
		Report which thread an int lives in out the right outlet, and forward it out the left outlet.
	    </description>
	</method>
	<method name="list">
	    <description>
		Report which thread a list lives in out the right outlet, and forward it out the left outlet.
	    </description>
	</method>
    </methodlist>

    <!--ATTRIBUTES-->
    <attributelist>
    </attributelist>

    <!--SEEALSO-->
    <seealsolist>
	<seealso name="thread.fork" />
	<seealso name="thread.join" />
	<seealso name="bench" />
    </seealsolist>

    <misc name = "Input">
	<entry name ="Inlet 1 [anything]">
	    <description>
		Send a message to the thread.which object.
	    </description>
	</entry>
    </misc>

    <misc name = "Output">
	<entry name ="Outlet 1 [variable]">
	    <description>
		Forwarded data is output out this outlet.
	    </description>
	</entry>
	<entry name ="Outlet 2 [symbol]">
	    <description>
		The thread type that a given message lives in is output out of this outlet.  Symbols will be either "main", "timer", or "other".
	    </description>
	</entry>
    </misc>

    <misc name = "Discussion">
	<entry name ="Keywords">
	    <description>
		thread, reporting, debugging
	    </description>
	</entry>
    </misc>

</c74object>
