<?xml version="1.0" encoding="utf-8" standalone="yes"?>
<?xml-stylesheet href="./_c74_ref.xsl" type="text/xsl"?>

<c74object name="thread.join" module="CNMAT-Externals">

    <digest>
	Thread-level parallelism for event domain computation
    </digest>

    <description>
	Any event received by thread.join is passed back into the main scheduler thread of Max.
    </description>

    <!--METADATA-->
    <metadatalist>
	<metadata name="author">CNMAT</metadata>
	<metadata name="tag">CNMAT-Externals</metadata>
	<metadata name="tag">CNMAT</metadata>
    </metadatalist>

    <!--DISCUSSION-->
    <discussion>
	WARNING: this object will crash MaxMSP if used improperly or with objects that are not "overdrive safe".<br/>
    </discussion>

    <!--INLETS-->
    <!--do not use-->
    <inletlist>
    </inletlist>

    <!--OUTLETS-->
    <!--do not use-->
    <outletlist>
    </outletlist>

    <!--ARGUMENTS-->
    <objarglist>
    </objarglist>

    <!--MESSAGES-->
    <methodlist>
	<method name="anything">
	    <description>
		Any message sent to the input will be moved back into the main thread.
	    </description>
	</method>
	<method name="bang">
	    <description>
		Move a bang input will be moved back into the main thread.
	    </description>
	</method>
	<method name="float">
	    <description>
		An input float will be moved back into the main thread.
	    </description>
	</method>
	<method name="int">
	    <description>
		An input int will be moved back into the main thread.
	    </description>
	</method>
    </methodlist>

    <!--ATTRIBUTES-->
    <attributelist>
    </attributelist>

    <!--SEEALSO-->
    <seealsolist>
	<seealso name="thread.fork" />
	<seealso name="thread.which" />
    </seealsolist>

    <misc name = "Input">
	<entry name ="Inlet 1 [anything]">
	    <description>
		Any message input here will be moved back into the main thread by the object.
	    </description>
	</entry>
    </misc>

    <misc name = "Output">
	<entry name ="Outlet 1 [anything]">
	    <description>
		Pass any message back into the main thread.
	    </description>
	</entry>
    </misc>

    <misc name = "Discussion">
	<entry name ="Keywords">
	    <description>
		thread, fork, join
	    </description>
	</entry>
    </misc>

</c74object>
