<?xml version="1.0" encoding="utf-8" standalone="yes"?>
<?xml-stylesheet href="./_c74_ref.xsl" type="text/xsl"?>

<c74object name="trampoline" module="CNMAT-Externals">

    <digest>
    </digest>

    <description>
	Trampoline tail call optimization for Max.  For more information, see <a href="https://en.wikipedia.org/wiki/Tail_call">this article</a>.
    </description>

    <!--METADATA-->
    <metadatalist>
	<metadata name="author">CNMAT</metadata>
	<metadata name="tag">CNMAT-Externals</metadata>
	<metadata name="tag">CNMAT</metadata>
    </metadatalist>

    <!--DISCUSSION-->
    <discussion>
    </discussion>

    <!--INLETS-->
    <!--do not use-->
    <inletlist>
    </inletlist>

    <!--OUTLETS-->
    <!--do not use-->
    <outletlist>
    </outletlist>

    <!--ARGUMENTS-->
    <objarglist>
	<objarg name="number of inlets and outlets" optional="1" type="int">
	    <description>
		Set the number of inlets and outlets to perform a tail call optimization for.  These processes can run in tandem.
	    </description>
	</objarg>
    </objarglist>

    <!--MESSAGES-->
    <methodlist>
	<method name="FullPacket">
	    <arglist>
		<arg name="length of packet (in bytes)" optional="0" type="int"/>
		<arg name="pointer value (address in memory)" optional="0" type="int"/>
	    </arglist>
	    <description>
		Send an OSC bundle to the trampoline object.  It is not expected that the user will generate the arguments for this message.
	    </description>
	</method>
	<method name="anything">
	    <description>
		Send in a message for a tail call optimization.
	    </description>
	</method>
	<method name="bang">
	    <description>
		Send in a bang for a tail call optimization.
	    </description>
	</method>
	<method name="float">
	    <description>
		Send in a float for a tail call optimization.
	    </description>
	</method>
	<method name="int">
	    <description>
		Send in a int for a tail call optimization.
	    </description>
	</method>
	<method name="list">
	    <description>
		Send in a list for a tail call optimization.
	    </description>
	</method>
	<method name="version">
	    <description>
		Print version information to the Max window.
	    </description>
	</method>
    </methodlist>

    <!--ATTRIBUTES-->
    <attributelist>
    </attributelist>

    <!--SEEALSO-->

    <misc name = "Input">
	<entry name ="Inlet 1 [anything]">
	    <description>
		Send a message in for tail call optimization.  This message should be sent out of the corresponding outlet.
	    </description>
	</entry>
	<entry name ="Inlet 1+N [anything]">
	    <description>
		Send a message in for tail call optimization.  This message should be sent out of the corresponding outlet.  N specifies outlets from 2 upward to the limit dictated by the argument to the object.
	    </description>
	</entry>
    </misc>

    <misc name = "Output">
	<entry name ="Outlet 1 [anything]">
	    <description>
		Send a message out, after the tail call optimization.  N specifies outlets from 2 upward to the limit dictated by the argument to the object.
	    </description>
	</entry>
	<entry name ="Outlet 1+N [anything]">
	    <description>
		Send a message out, after the tail call optimization.  N specifies outlets from 2 upward to the limit dictated by the argument to the object.
	    </description>
	</entry>
    </misc>

    <misc name = "Discussion">
	<entry name ="Keywords">
	    <description>
		tail call, optimization
	    </description>
	</entry>
    </misc>

</c74object>
